{
    "root_group": {
        "id": "d41d8cd98f00b204e9800998ecf8427e",
        "groups": {},
        "checks": {
                "post 200": {
                    "name": "post 200",
                    "path": "::post 200",
                    "id": "f2622e43eb8df3601203978c8216bab8",
                    "passes": 23729,
                    "fails": 0
                },
                "delete 200": {
                    "name": "delete 200",
                    "path": "::delete 200",
                    "id": "af4feca1c2c2f59fc45437b5fd44da76",
                    "passes": 24273,
                    "fails": 0
                }
            },
        "name": "",
        "path": ""
    },
    "metrics": {
        "data_received": {
            "rate": 35472.36159046348,
            "count": 8623896
        },
        "http_req_failed": {
            "passes": 0,
            "fails": 49002,
            "value": 0
        },
        "http_req_duration": {
            "avg": 2.691567242153354,
            "med": 2.447,
            "p(90)": 3.544,
            "p(95)": 4.04,
            "p(99)": 5.97,
            "min": 1.688,
            "max": 70.982
        },
        "http_req_receiving": {
            "avg": 0.02968970654258906,
            "med": 0.025,
            "p(90)": 0.046,
            "p(95)": 0.059,
            "p(99)": 0.098,
            "min": 0.008,
            "max": 0.507
        },
        "checks": {
            "passes": 48002,
            "fails": 0,
            "value": 1
        },
        "http_req_tls_handshaking": {
            "avg": 0,
            "med": 0,
            "p(90)": 0,
            "p(95)": 0,
            "p(99)": 0,
            "min": 0,
            "max": 0
        },
        "vus": {
            "value": 1,
            "min": 0,
            "max": 2
        },
        "http_req_blocked": {
            "avg": 0.003631545651196438,
            "med": 0.003,
            "p(90)": 0.005,
            "p(95)": 0.006,
            "p(99)": 0.008,
            "min": 0.001,
            "max": 1.147
        },
        "http_req_duration{expected_response:true}": {
            "med": 2.447,
            "p(90)": 3.544,
            "p(95)": 4.04,
            "p(99)": 5.97,
            "min": 1.688,
            "max": 70.982,
            "avg": 2.691567242153354
        },
        "http_req_sending": {
            "avg": 0.014186380147746834,
            "med": 0.013,
            "p(90)": 0.021,
            "p(95)": 0.024,
            "p(99)": 0.03498999999999957,
            "min": 0.005,
            "max": 1.031
        },
        "vus_max": {
            "value": 100,
            "min": 100,
            "max": 100
        },
        "http_req_connecting": {
            "avg": 0.0004884494510428146,
            "med": 0,
            "p(90)": 0,
            "p(95)": 0,
            "p(99)": 0,
            "min": 0,
            "max": 0.443
        },
        "http_req_waiting": {
            "p(90)": 3.493,
            "p(95)": 3.977,
            "p(99)": 5.892989999999999,
            "min": 1.663,
            "max": 70.921,
            "avg": 2.647691155463027,
            "med": 2.402
        },
        "http_reqs": {
            "count": 49002,
            "rate": 201.55816613000567
        },
        "data_sent": {
            "count": 7687407,
            "rate": 31620.335031528684
        },
        "iteration_duration": {
            "p(90)": 3.6621328,
            "p(95)": 4.190191349999999,
            "p(99)": 6.172056079999999,
            "min": 1.751625,
            "max": 71.2165,
            "avg": 2.7993953356943573,
            "med": 2.5558544999999997
        },
        "iterations": {
            "count": 48002,
            "rate": 197.44490205649836
        }
    }
}