{
    "metrics": {
        "http_reqs": {
            "count": 49002,
            "rate": 201.76671584248274
        },
        "iterations": {
            "count": 48002,
            "rate": 197.6491958261062
        },
        "http_req_tls_handshaking": {
            "avg": 0,
            "med": 0,
            "p(90)": 0,
            "p(95)": 0,
            "p(99)": 0,
            "min": 0,
            "max": 0
        },
        "http_req_receiving": {
            "p(99)": 0.073,
            "min": 0.007,
            "max": 1.148,
            "avg": 0.02398363332108905,
            "med": 0.021,
            "p(90)": 0.036,
            "p(95)": 0.045
        },
        "data_sent": {
            "count": 7687072,
            "rate": 31651.672827327566
        },
        "http_req_blocked": {
            "avg": 0.0035040610587312076,
            "med": 0.003,
            "p(90)": 0.004,
            "p(95)": 0.005,
            "p(99)": 0.008,
            "min": 0.001,
            "max": 1.61
        },
        "http_req_connecting": {
            "p(99)": 0,
            "min": 0,
            "max": 0.424,
            "avg": 0.000502081547691931,
            "med": 0,
            "p(90)": 0,
            "p(95)": 0
        },
        "data_received": {
            "count": 4262106,
            "rate": 17549.306766918507
        },
        "http_req_waiting": {
            "p(99)": 6.472969999999998,
            "min": 1.684,
            "max": 45.519,
            "avg": 2.6002763152524793,
            "med": 2.341,
            "p(90)": 3.42,
            "p(95)": 3.905
        },
        "checks": {
            "fails": 0,
            "passes": 48002,
            "value": 1
        },
        "vus_max": {
            "value": 100,
            "min": 100,
            "max": 100
        },
        "http_req_duration{expected_response:true}": {
            "p(90)": 3.462,
            "p(95)": 3.955949999999998,
            "p(99)": 6.557749999999989,
            "min": 1.709,
            "max": 45.567,
            "avg": 2.637088629035541,
            "med": 2.379
        },
        "vus": {
            "value": 1,
            "min": 0,
            "max": 2
        },
        "http_req_duration": {
            "max": 45.567,
            "avg": 2.637088629035541,
            "med": 2.379,
            "p(90)": 3.462,
            "p(95)": 3.955949999999998,
            "p(99)": 6.557749999999989,
            "min": 1.709
        },
        "iteration_duration": {
            "min": 1.781,
            "max": 45.937,
            "avg": 2.7380349455231068,
            "med": 2.484584,
            "p(90)": 3.5649414,
            "p(95)": 4.07882885,
            "p(99)": 6.81869925
        },
        "http_req_sending": {
            "p(95)": 0.022,
            "p(99)": 0.033,
            "min": 0.004,
            "max": 2.025,
            "avg": 0.012828680462020533,
            "med": 0.011,
            "p(90)": 0.017
        },
        "http_req_failed": {
            "passes": 0,
            "fails": 49002,
            "value": 0
        }
    },
    "root_group": {
        "name": "",
        "path": "",
        "id": "d41d8cd98f00b204e9800998ecf8427e",
        "groups": {},
        "checks": {
                "delete 200": {
                    "name": "delete 200",
                    "path": "::delete 200",
                    "id": "af4feca1c2c2f59fc45437b5fd44da76",
                    "passes": 23967,
                    "fails": 0
                },
                "post 200": {
                    "path": "::post 200",
                    "id": "f2622e43eb8df3601203978c8216bab8",
                    "passes": 24035,
                    "fails": 0,
                    "name": "post 200"
                }
            }
    }
}