{
    "root_group": {
        "groups": {},
        "checks": {
                "delete 200": {
                    "name": "delete 200",
                    "path": "::delete 200",
                    "id": "af4feca1c2c2f59fc45437b5fd44da76",
                    "passes": 23878,
                    "fails": 0
                },
                "post 200": {
                    "id": "f2622e43eb8df3601203978c8216bab8",
                    "passes": 24124,
                    "fails": 0,
                    "name": "post 200",
                    "path": "::post 200"
                }
            },
        "name": "",
        "path": "",
        "id": "d41d8cd98f00b204e9800998ecf8427e"
    },
    "metrics": {
        "data_sent": {
            "rate": 31499.912214544463,
            "count": 7686642
        },
        "http_reqs": {
            "count": 49002,
            "rate": 200.81053577584436
        },
        "http_req_receiving": {
            "max": 0.307,
            "avg": 0.02839373903105887,
            "med": 0.025,
            "p(90)": 0.043,
            "p(95)": 0.055,
            "p(99)": 0.086,
            "min": 0.008
        },
        "http_req_duration{expected_response:true}": {
            "p(90)": 3.682900000000001,
            "p(95)": 4.278949999999997,
            "p(99)": 7.141979999999999,
            "min": 1.815,
            "max": 97.41,
            "avg": 2.872621158320081,
            "med": 2.587
        },
        "http_req_sending": {
            "p(99)": 0.036989999999999565,
            "min": 0.004,
            "max": 1.578,
            "avg": 0.014316334027180308,
            "med": 0.013,
            "p(90)": 0.019,
            "p(95)": 0.024
        },
        "iteration_duration": {
            "p(90)": 3.755292,
            "p(95)": 4.3423288499999995,
            "p(99)": 7.4212415799999985,
            "min": 1.882833,
            "max": 97.682667,
            "avg": 2.9664969031498587,
            "med": 2.6893124999999998
        },
        "data_received": {
            "count": 6132744,
            "rate": 25132.027435943324
        },
        "iterations": {
            "count": 48002,
            "rate": 196.71252884192648
        },
        "http_req_tls_handshaking": {
            "avg": 0,
            "med": 0,
            "p(90)": 0,
            "p(95)": 0,
            "p(99)": 0,
            "min": 0,
            "max": 0
        },
        "vus": {
            "value": 1,
            "min": 0,
            "max": 10
        },
        "http_req_duration": {
            "med": 2.587,
            "p(90)": 3.682900000000001,
            "p(95)": 4.278949999999997,
            "p(99)": 7.141979999999999,
            "min": 1.815,
            "max": 97.41,
            "avg": 2.872621158320081
        },
        "http_req_waiting": {
            "avg": 2.829911085261829,
            "med": 2.545,
            "p(90)": 3.633,
            "p(95)": 4.215,
            "p(99)": 7.046979999999999,
            "min": 1.788,
            "max": 97.333
        },
        "vus_max": {
            "value": 100,
            "min": 100,
            "max": 100
        },
        "checks": {
            "passes": 48002,
            "fails": 0,
            "value": 1
        },
        "http_req_blocked": {
            "p(99)": 0.218,
            "min": 0.001,
            "max": 1.533,
            "avg": 0.005921595036935984,
            "med": 0.003,
            "p(90)": 0.004,
            "p(95)": 0.006
        },
        "http_req_connecting": {
            "avg": 0.0025660177135627092,
            "med": 0,
            "p(90)": 0,
            "p(95)": 0,
            "p(99)": 0.19,
            "min": 0,
            "max": 0.514
        },
        "http_req_failed": {
            "fails": 49002,
            "passes": 0,
            "value": 0
        }
    }
}